project_id,name,start_date,end_date
P001,Re-Intermediate Scalable Supply-Chains,2024-10-03,
P002,Exploit Transparent Functionalities,2023-07-20,
P003,Utilize Rich Markets,2024-03-01,
P004,Brand Frictionless Partnerships,2023-07-04,
P005,Maximize Viral Niches,2024-09-05,2024-10-05
P006,Orchestrate Next-Generation Vortals,2023-09-06,2023-10-06
P007,Seize Revolutionary Networks,2023-09-23,2023-10-23
P008,Extend Strategic E-Services,2023-11-10,2023-12-10
P009,Embrace Transparent Schemas,2023-08-04,2023-09-04
P010,Re-Intermediate Back-End Content,2023-07-17,2023-08-17
P011,E-Enable Vertical Info-Mediaries,2022-12-11,2023-07-17
P012,Productize Plug-And-Play Content,2024-07-16,2024-09-16
P013,Scale Collaborative Portals,2023-04-22,2023-08-22
P014,Exploit Cross-Media Eyeballs,2023-01-01,2023-05-01
P015,Engineer Frictionless Channels,2024-04-24,2024-10-24
