training_id,name,date,description
T001,Facilitate Compelling Markets,2024-04-11,Rerum dolore fugiat.
T002,Transition 24/365 Web-Readiness,2024-04-24,Repudiandae in delectus asperiores.
T003,Incentivize User-Centric Channels,2024-09-08,Rerum nulla debitis.
T004,Re-Contextualize Cross-Platform Vortals,2024-01-19,Repudiandae optio vel modi.
T005,Engineer Seamless Web-Readiness,2023-11-08,Sequi sapiente debitis ratione ab nobis error autem.
T006,Synthesize 24/7 Content,2023-11-25,Provident delectus dolores dolorem.
T007,Morph 24/365 Communities,2024-04-11,Reprehenderit ipsum nostrum atque et ducimus.
T008,Optimize Integrated Interfaces,2023-11-11,Iure praesentium officiis perspiciatis quo quo.
T009,Utilize Efficient Solutions,2024-05-06,Sit et itaque corporis exercitationem.
T010,Orchestrate Granular Networks,2024-04-02,Recusandae aut pariatur distinctio.
